{
  "logtrace": [
    {
      "data": "2016-02-02T18:52:34:031 <info> requestHandlers.js:45 (Object.handleRequest [as /]) Le gestionnaire 'pastoraleSante' est appelé., dirAppli :  C:/Pastorale_Sante_Paris/nodePastoraleSanteJS/pastoraleSante"
    },
    {
      "data": "2016-02-02T18:52:34:042 <info> requestHandlers.js:48 (Object.handleRequest [as /]) reqH pathName :  /"
    },
    {
      "data": "2016-02-02T18:52:34:110 <info> requestHandlers.js:45 (Object.handleRequest [as /]) Le gestionnaire 'pastoraleSante' est appelé., dirAppli :  C:/Pastorale_Sante_Paris/nodePastoraleSanteJS/pastoraleSante"
    },
    {
      "data": "2016-02-02T18:52:34:113 <info> requestHandlers.js:48 (Object.handleRequest [as /]) reqH pathName :  /scripts/pastoraleSante.js"
    },
    {
      "data": "2016-02-02T18:54:57:230 <info> requestHandlers.js:45 (Object.handleRequest [as /]) Le gestionnaire 'pastoraleSante' est appelé., dirAppli :  C:/Pastorale_Sante_Paris/nodePastoraleSanteJS/pastoraleSante"
    },
    {
      "data": "2016-02-02T18:54:57:237 <info> requestHandlers.js:48 (Object.handleRequest [as /]) reqH pathName :  /default.html"
    },
    {
      "data": "2016-02-02T18:54:57:285 <info> requestHandlers.js:45 (Object.handleRequest [as /]) Le gestionnaire 'pastoraleSante' est appelé., dirAppli :  C:/Pastorale_Sante_Paris/nodePastoraleSanteJS/pastoraleSante"
    },
    {
      "data": "2016-02-02T18:54:57:289 <info> requestHandlers.js:48 (Object.handleRequest [as /]) reqH pathName :  /tooltip/src/tooltip.css"
    },
    {
      "data": "2016-02-02T18:54:57:294 <info> requestHandlers.js:45 (Object.handleRequest [as /]) Le gestionnaire 'pastoraleSante' est appelé., dirAppli :  C:/Pastorale_Sante_Paris/nodePastoraleSanteJS/pastoraleSante"
    },
    {
      "data": "2016-02-02T18:54:57:298 <info> requestHandlers.js:48 (Object.handleRequest [as /]) reqH pathName :  /styles/pastoraleSante.css"
    },
    {
      "data": "2016-02-02T18:54:57:302 <info> requestHandlers.js:45 (Object.handleRequest [as /]) Le gestionnaire 'pastoraleSante' est appelé., dirAppli :  C:/Pastorale_Sante_Paris/nodePastoraleSanteJS/pastoraleSante"
    },
    {
      "data": "2016-02-02T18:54:57:306 <info> requestHandlers.js:48 (Object.handleRequest [as /]) reqH pathName :  /tooltip/src/tooltip.js"
    },
    {
      "data": "2016-02-02T18:54:57:311 <info> requestHandlers.js:45 (Object.handleRequest [as /]) Le gestionnaire 'pastoraleSante' est appelé., dirAppli :  C:/Pastorale_Sante_Paris/nodePastoraleSanteJS/pastoraleSante"
    },
    {
      "data": "2016-02-02T18:54:57:315 <info> requestHandlers.js:48 (Object.handleRequest [as /]) reqH pathName :  /scripts/rwdImageMaps.js"
    },
    {
      "data": "2016-02-02T18:54:57:319 <info> requestHandlers.js:45 (Object.handleRequest [as /]) Le gestionnaire 'pastoraleSante' est appelé., dirAppli :  C:/Pastorale_Sante_Paris/nodePastoraleSanteJS/pastoraleSante"
    },
    {
      "data": "2016-02-02T18:54:57:323 <info> requestHandlers.js:48 (Object.handleRequest [as /]) reqH pathName :  /scripts/pastoraleSante.js"
    },
    {
      "data": "2016-02-02T18:54:57:326 <info> requestHandlers.js:45 (Object.handleRequest [as /]) Le gestionnaire 'pastoraleSante' est appelé., dirAppli :  C:/Pastorale_Sante_Paris/nodePastoraleSanteJS/pastoraleSante"
    },
    {
      "data": "2016-02-02T18:54:57:331 <info> requestHandlers.js:48 (Object.handleRequest [as /]) reqH pathName :  /images/CarteDoyennes2014.png"
    },
    {
      "data": "2016-02-02T18:56:39:324 <info> requestHandlers.js:45 (Object.handleRequest [as /]) Le gestionnaire 'pastoraleSante' est appelé., dirAppli :  C:/Pastorale_Sante_Paris/nodePastoraleSanteJS/pastoraleSante"
    },
    {
      "data": "2016-02-02T18:56:39:337 <info> requestHandlers.js:48 (Object.handleRequest [as /]) reqH pathName :  /default.html"
    },
    {
      "data": "2016-02-02T18:56:39:391 <info> requestHandlers.js:45 (Object.handleRequest [as /]) Le gestionnaire 'pastoraleSante' est appelé., dirAppli :  C:/Pastorale_Sante_Paris/nodePastoraleSanteJS/pastoraleSante"
    },
    {
      "data": "2016-02-02T18:56:39:394 <info> requestHandlers.js:48 (Object.handleRequest [as /]) reqH pathName :  /tooltip/src/tooltip.css"
    },
    {
      "data": "2016-02-02T18:56:39:399 <info> requestHandlers.js:45 (Object.handleRequest [as /]) Le gestionnaire 'pastoraleSante' est appelé., dirAppli :  C:/Pastorale_Sante_Paris/nodePastoraleSanteJS/pastoraleSante"
    },
    {
      "data": "2016-02-02T18:56:39:403 <info> requestHandlers.js:48 (Object.handleRequest [as /]) reqH pathName :  /styles/pastoraleSante.css"
    },
    {
      "data": "2016-02-02T18:56:39:407 <info> requestHandlers.js:45 (Object.handleRequest [as /]) Le gestionnaire 'pastoraleSante' est appelé., dirAppli :  C:/Pastorale_Sante_Paris/nodePastoraleSanteJS/pastoraleSante"
    },
    {
      "data": "2016-02-02T18:56:39:411 <info> requestHandlers.js:48 (Object.handleRequest [as /]) reqH pathName :  /tooltip/src/tooltip.js"
    },
    {
      "data": "2016-02-02T18:56:39:415 <info> requestHandlers.js:45 (Object.handleRequest [as /]) Le gestionnaire 'pastoraleSante' est appelé., dirAppli :  C:/Pastorale_Sante_Paris/nodePastoraleSanteJS/pastoraleSante"
    },
    {
      "data": "2016-02-02T18:56:39:419 <info> requestHandlers.js:48 (Object.handleRequest [as /]) reqH pathName :  /scripts/rwdImageMaps.js"
    },
    {
      "data": "2016-02-02T18:56:39:422 <info> requestHandlers.js:45 (Object.handleRequest [as /]) Le gestionnaire 'pastoraleSante' est appelé., dirAppli :  C:/Pastorale_Sante_Paris/nodePastoraleSanteJS/pastoraleSante"
    },
    {
      "data": "2016-02-02T18:56:39:427 <info> requestHandlers.js:48 (Object.handleRequest [as /]) reqH pathName :  /scripts/pastoraleSante.js"
    },
    {
      "data": "2016-02-02T18:56:39:431 <info> requestHandlers.js:45 (Object.handleRequest [as /]) Le gestionnaire 'pastoraleSante' est appelé., dirAppli :  C:/Pastorale_Sante_Paris/nodePastoraleSanteJS/pastoraleSante"
    },
    {
      "data": "2016-02-02T18:56:39:434 <info> requestHandlers.js:48 (Object.handleRequest [as /]) reqH pathName :  /images/CarteDoyennes2014.png"
    },
    {
      "data": "2016-02-02T18:56:40:512 <info> requestHandlers.js:45 (Object.handleRequest [as /]) Le gestionnaire 'pastoraleSante' est appelé., dirAppli :  C:/Pastorale_Sante_Paris/nodePastoraleSanteJS/pastoraleSante"
    },
    {
      "data": "2016-02-02T18:56:40:516 <info> requestHandlers.js:48 (Object.handleRequest [as /]) reqH pathName :  /php/geteditparoisse.php"
    },
    {
      "data": "2016-02-02T18:56:40:559 <info> requestHandlers.js:45 (Object.handleRequest [as /]) Le gestionnaire 'pastoraleSante' est appelé., dirAppli :  C:/Pastorale_Sante_Paris/nodePastoraleSanteJS/pastoraleSante"
    },
    {
      "data": "2016-02-02T18:56:40:561 <info> requestHandlers.js:48 (Object.handleRequest [as /]) reqH pathName :  /php/geteditparoisse.php"
    },
    {
      "data": "2016-02-02T18:56:40:863 <info> requestHandlers.js:45 (Object.handleRequest [as /]) Le gestionnaire 'pastoraleSante' est appelé., dirAppli :  C:/Pastorale_Sante_Paris/nodePastoraleSanteJS/pastoraleSante"
    },
    {
      "data": "2016-02-02T18:56:40:865 <info> requestHandlers.js:48 (Object.handleRequest [as /]) reqH pathName :  /php/geteditparoisse.php"
    },
    {
      "data": "2016-02-02T18:56:44:925 <info> requestHandlers.js:45 (Object.handleRequest [as /]) Le gestionnaire 'pastoraleSante' est appelé., dirAppli :  C:/Pastorale_Sante_Paris/nodePastoraleSanteJS/pastoraleSante"
    },
    {
      "data": "2016-02-02T18:56:44:938 <info> requestHandlers.js:48 (Object.handleRequest [as /]) reqH pathName :  /php/geteditparoisse.php"
    },
    {
      "data": "2016-02-02T18:56:57:794 <info> requestHandlers.js:45 (Object.handleRequest [as /]) Le gestionnaire 'pastoraleSante' est appelé., dirAppli :  C:/Pastorale_Sante_Paris/nodePastoraleSanteJS/pastoraleSante"
    },
    {
      "data": "2016-02-02T18:56:57:798 <info> requestHandlers.js:48 (Object.handleRequest [as /]) reqH pathName :  /scripts/pastoraleSante.js"
    },
    {
      "data": "2016-02-02T18:57:00:448 <info> requestHandlers.js:45 (Object.handleRequest [as /]) Le gestionnaire 'pastoraleSante' est appelé., dirAppli :  C:/Pastorale_Sante_Paris/nodePastoraleSanteJS/pastoraleSante"
    },
    {
      "data": "2016-02-02T18:57:00:452 <info> requestHandlers.js:48 (Object.handleRequest [as /]) reqH pathName :  /njs/geteditparoisse.js"
    },
    {
      "data": "2016-02-02T18:57:00:482 <info> requestHandlers.js:45 (Object.handleRequest [as /]) Le gestionnaire 'pastoraleSante' est appelé., dirAppli :  C:/Pastorale_Sante_Paris/nodePastoraleSanteJS/pastoraleSante"
    },
    {
      "data": "2016-02-02T18:57:00:486 <info> requestHandlers.js:48 (Object.handleRequest [as /]) reqH pathName :  /njs/geteditparoisse.js"
    },
    {
      "data": "2016-02-02T18:57:00:492 <info> geteditparoisse.js:396 () data :  <p><br></p>"
    },
    {
      "data": "2016-02-02T18:57:00:496 <info> geteditparoisse.js:396 () data :  <p><br></p>"
    },
    {
      "data": "2016-02-02T18:57:00:501 <info> requestHandlers.js:45 (Object.handleRequest [as /]) Le gestionnaire 'pastoraleSante' est appelé., dirAppli :  C:/Pastorale_Sante_Paris/nodePastoraleSanteJS/pastoraleSante"
    },
    {
      "data": "2016-02-02T18:57:00:504 <info> requestHandlers.js:48 (Object.handleRequest [as /]) reqH pathName :  /imageParoisse/img040.jpg"
    },
    {
      "data": "2016-02-02T18:57:00:508 <info> geteditparoisse.js:396 () data :  Hopital Saint Joseph"
    },
    {
      "data": "2016-02-02T18:57:00:527 <info> geteditparoisse.js:396 () data :  Hopital Saint Joseph"
    },
    {
      "data": "2016-02-02T18:57:00:533 <info> requestHandlers.js:45 (Object.handleRequest [as /]) Le gestionnaire 'pastoraleSante' est appelé., dirAppli :  C:/Pastorale_Sante_Paris/nodePastoraleSanteJS/pastoraleSante"
    },
    {
      "data": "2016-02-02T18:57:00:537 <info> requestHandlers.js:48 (Object.handleRequest [as /]) reqH pathName :  /imageParoisse/img001.jpg"
    },
    {
      "data": "2016-02-02T18:57:01:104 <info> requestHandlers.js:45 (Object.handleRequest [as /]) Le gestionnaire 'pastoraleSante' est appelé., dirAppli :  C:/Pastorale_Sante_Paris/nodePastoraleSanteJS/pastoraleSante"
    },
    {
      "data": "2016-02-02T18:57:01:108 <info> requestHandlers.js:48 (Object.handleRequest [as /]) reqH pathName :  /njs/geteditparoisse.js"
    },
    {
      "data": "2016-02-02T18:57:01:115 <info> geteditparoisse.js:396 () data :  <p><strong><span style=\"background-color:#FFFF00\">La Désirade</span></strong></p>"
    },
    {
      "data": "2016-02-02T18:57:01:119 <info> geteditparoisse.js:396 () data :  <p><strong><span style=\"background-color:#FFFF00\">La Désirade</span></strong></p>"
    },
    {
      "data": "2016-02-02T18:57:04:480 <info> requestHandlers.js:45 (Object.handleRequest [as /]) Le gestionnaire 'pastoraleSante' est appelé., dirAppli :  C:/Pastorale_Sante_Paris/nodePastoraleSanteJS/pastoraleSante"
    },
    {
      "data": "2016-02-02T18:57:04:484 <info> requestHandlers.js:48 (Object.handleRequest [as /]) reqH pathName :  /njs/geteditparoisse.js"
    },
    {
      "data": "2016-02-02T18:57:04:513 <info> requestHandlers.js:45 (Object.handleRequest [as /]) Le gestionnaire 'pastoraleSante' est appelé., dirAppli :  C:/Pastorale_Sante_Paris/nodePastoraleSanteJS/pastoraleSante"
    },
    {
      "data": "2016-02-02T18:57:04:516 <info> requestHandlers.js:48 (Object.handleRequest [as /]) reqH pathName :  /editParoisse.html"
    },
    {
      "data": "2016-02-02T18:57:04:530 <info> requestHandlers.js:45 (Object.handleRequest [as /]) Le gestionnaire 'pastoraleSante' est appelé., dirAppli :  C:/Pastorale_Sante_Paris/nodePastoraleSanteJS/pastoraleSante"
    },
    {
      "data": "2016-02-02T18:57:04:533 <info> requestHandlers.js:48 (Object.handleRequest [as /]) reqH pathName :  /scripts/editParoisse.js"
    },
    {
      "data": "2016-02-02T18:57:04:695 <info> requestHandlers.js:45 (Object.handleRequest [as /]) Le gestionnaire 'pastoraleSante' est appelé., dirAppli :  C:/Pastorale_Sante_Paris/nodePastoraleSanteJS/pastoraleSante"
    },
    {
      "data": "2016-02-02T18:57:04:699 <info> requestHandlers.js:48 (Object.handleRequest [as /]) reqH pathName :  /njs/geteditparoisse.js"
    },
    {
      "data": "2016-02-02T18:57:04:715 <info> requestHandlers.js:45 (Object.handleRequest [as /]) Le gestionnaire 'pastoraleSante' est appelé., dirAppli :  C:/Pastorale_Sante_Paris/nodePastoraleSanteJS/pastoraleSante"
    },
    {
      "data": "2016-02-02T18:57:04:718 <info> requestHandlers.js:48 (Object.handleRequest [as /]) reqH pathName :  /njs/geteditparoisse.js"
    },
    {
      "data": "2016-02-02T18:57:04:722 <info> requestHandlers.js:45 (Object.handleRequest [as /]) Le gestionnaire 'pastoraleSante' est appelé., dirAppli :  C:/Pastorale_Sante_Paris/nodePastoraleSanteJS/pastoraleSante"
    },
    {
      "data": "2016-02-02T18:57:04:727 <info> requestHandlers.js:48 (Object.handleRequest [as /]) reqH pathName :  /njs/geteditparoisse.js"
    },
    {
      "data": "2016-02-02T18:57:07:513 <info> requestHandlers.js:45 (Object.handleRequest [as /]) Le gestionnaire 'pastoraleSante' est appelé., dirAppli :  C:/Pastorale_Sante_Paris/nodePastoraleSanteJS/pastoraleSante"
    },
    {
      "data": "2016-02-02T18:57:07:517 <info> requestHandlers.js:48 (Object.handleRequest [as /]) reqH pathName :  /njs/geteditparoisse.js"
    },
    {
      "data": "2016-02-02T18:57:07:527 <info> requestHandlers.js:45 (Object.handleRequest [as /]) Le gestionnaire 'pastoraleSante' est appelé., dirAppli :  C:/Pastorale_Sante_Paris/nodePastoraleSanteJS/pastoraleSante"
    },
    {
      "data": "2016-02-02T18:57:07:530 <info> requestHandlers.js:48 (Object.handleRequest [as /]) reqH pathName :  /njs/geteditparoisse.js"
    },
    {
      "data": "2016-02-02T18:57:07:539 <info> requestHandlers.js:45 (Object.handleRequest [as /]) Le gestionnaire 'pastoraleSante' est appelé., dirAppli :  C:/Pastorale_Sante_Paris/nodePastoraleSanteJS/pastoraleSante"
    },
    {
      "data": "2016-02-02T18:57:07:543 <info> requestHandlers.js:48 (Object.handleRequest [as /]) reqH pathName :  /njs/geteditparoisse.js"
    },
    {
      "data": "2016-02-02T18:57:07:820 <info> requestHandlers.js:45 (Object.handleRequest [as /]) Le gestionnaire 'pastoraleSante' est appelé., dirAppli :  C:/Pastorale_Sante_Paris/nodePastoraleSanteJS/pastoraleSante"
    },
    {
      "data": "2016-02-02T18:57:07:829 <info> requestHandlers.js:48 (Object.handleRequest [as /]) reqH pathName :  /njs/geteditparoisse.js"
    },
    {
      "data": "2016-02-02T18:57:07:841 <info> geteditparoisse.js:396 () data :  <p><br></p>"
    },
    {
      "data": "2016-02-02T18:57:07:847 <info> geteditparoisse.js:396 () data :  <p><br></p>"
    },
    {
      "data": "2016-02-02T18:57:07:854 <info> requestHandlers.js:45 (Object.handleRequest [as /]) Le gestionnaire 'pastoraleSante' est appelé., dirAppli :  C:/Pastorale_Sante_Paris/nodePastoraleSanteJS/pastoraleSante"
    },
    {
      "data": "2016-02-02T18:57:07:860 <info> requestHandlers.js:48 (Object.handleRequest [as /]) reqH pathName :  /imageParoisse/img061.jpg"
    },
    {
      "data": "2016-02-02T18:57:07:865 <info> requestHandlers.js:45 (Object.handleRequest [as /]) Le gestionnaire 'pastoraleSante' est appelé., dirAppli :  C:/Pastorale_Sante_Paris/nodePastoraleSanteJS/pastoraleSante"
    },
    {
      "data": "2016-02-02T18:57:07:871 <info> requestHandlers.js:48 (Object.handleRequest [as /]) reqH pathName :  /njs/geteditparoisse.js"
    },
    {
      "data": "2016-02-02T18:57:07:880 <info> geteditparoisse.js:396 () data :  <p><br></p>"
    },
    {
      "data": "2016-02-02T18:57:07:884 <info> geteditparoisse.js:396 () data :  <p><br></p>"
    },
    {
      "data": "2016-02-02T18:57:07:892 <info> requestHandlers.js:45 (Object.handleRequest [as /]) Le gestionnaire 'pastoraleSante' est appelé., dirAppli :  C:/Pastorale_Sante_Paris/nodePastoraleSanteJS/pastoraleSante"
    },
    {
      "data": "2016-02-02T18:57:07:897 <info> requestHandlers.js:48 (Object.handleRequest [as /]) reqH pathName :  /imageParoisse/img064.jpg"
    },
    {
      "data": "2016-02-02T18:58:05:674 <info> requestHandlers.js:45 (Object.handleRequest [as /]) Le gestionnaire 'pastoraleSante' est appelé., dirAppli :  C:/Pastorale_Sante_Paris/nodePastoraleSanteJS/pastoraleSante"
    },
    {
      "data": "2016-02-02T18:58:05:684 <info> requestHandlers.js:48 (Object.handleRequest [as /]) reqH pathName :  /njs/geteditparoisse.js"
    },
    {
      "data": "2016-02-02T18:58:05:701 <info> requestHandlers.js:45 (Object.handleRequest [as /]) Le gestionnaire 'pastoraleSante' est appelé., dirAppli :  C:/Pastorale_Sante_Paris/nodePastoraleSanteJS/pastoraleSante"
    },
    {
      "data": "2016-02-02T18:58:05:709 <info> requestHandlers.js:48 (Object.handleRequest [as /]) reqH pathName :  /imageParoisse/img019.jpg"
    }
  ]
}